job_id,date_applied,company,title,location,source,outcome,jd_text,segment_role,work_type,seniority
2025-09-04_MICROSOFT_SOFTWAREENGINEERII,2025-09-04,microsoft,Software Engineer II,,,,"Software Engineer II 
About the job 
Azure Specialized is responsible for bringing specialized workloads like Supercomputing, Oracle Databases, Netapp storage and many more such specialized workloads to our Cloud offerings. We work across Microsoft and with industry partners to deliver these joint solutions.

We are a highly impactful team which focuses on a wide array of technologies, and offer a lot of opportunities for growth and learning in the areas of Networking, Cloud Platforms, service-oriented network architecture and datacenter networking at scale. The team primarily focuses on work across SDN platforms, Top of the Rack Switches and various services responsible for the programming of SDN enabled network dataplanes to enhance the rich networking feature set offered to our customers, as well as maintaining and growing the set of specialized workloads we offer.

Microsoft’s mission is to empower every person and every organization on the planet to achieve more. As employees we come together with a growth mindset, innovate to empower others, and collaborate to realize our shared goals. Each day we build on our values of respect, integrity, and accountability to create a culture of inclusion where everyone can thrive at work and beyond.

Responsibilities

Works with appropriate stakeholders to determine user requirements for a set of features.
Contributes to the identification of dependencies, and the development of design documents for a product area with little oversight.
Creates and implements code for a product, service, or feature, reusing code as applicable.
Contributes to efforts to break down larger work items into smaller work items and provides estimation.
Acts as a Designated Responsible Individual (DRI) working on-call to monitor system/product feature/service for degradation, downtime, or interruptions and gains approval to restore system/product/service for simple problems.
Remains current in skills by investing time and effort into staying abreast of current developments that will improve the availability, reliability, efficiency, observability, and performance of products while also driving consistency in monitoring and operations at scale.

Qualifications

Required/Minimum Qualifications:

Bachelor's Degree in Computer Science or related technical field AND 2+ years technical engineering experience with coding in languages including, but not limited to, C, C++, C#, Java, JavaScript, or Python
OR equivalent experience.
1+ year(s) experience developing software for Software-Defined Networking (SDN), network switches or related networking technologies
1+ year(s) experience in Transmission Control Protocol/Internet Protocol (TCP/IP), data center networking, monitoring/logging platforms and strong problem solving and software troubleshooting skills.
Other Requirements

Ability to meet Microsoft, customer and/or government security screening requirements are required for this role. These requirements include, but are not limited to the following specialized security screenings: 
Microsoft Cloud Background Check: This position will be required to pass the Microsoft Cloud Background Check upon hire/transfer and every two years thereafter. 
Additional Or Preferred Qualifications

Bachelor's Degree in Computer Science
OR related technical field AND 4+ years technical engineering experience with coding in languages including, but not limited to, C, C++, C#, Java, JavaScript, OR Python
OR Master's Depgree in Computer Science or related technical field AND 2+ years technical engineering experience with coding in languages including, but not limited to, C, C++, C#, Java, JavaScript, or Python
OR equivalent experience.
Understanding of system performance, incident resonse, and troubleshooting in production environments.
Knowledge working with databases such as SQL/KQL etc."",,,",,,
2025-09-04_AFFIRM_SOFTWAREENGINEER,2025-09-04,affirm,Software Engineer,,,,"Affirm is reinventing credit to make it more honest and friendly, giving consumers the flexibility to buy now and pay later without any hidden fees or compounding interest.

The Loan Originations & Reporting (LOR) team at Affirm is responsible for powering the systems that originate, allocate, and report on every loan globally.

What truly sets LOR apart is our dual technical and operational breadth. We manage mission-critical processes—including loan booking, capital funding, and downstream reporting—where high reliability and financial accuracy. Our culture thrives on openness and collaboration; engineers drive architectural discussions, support peers, and continuously improve through direct feedback and retrospectives. We value accountability, curiosity, and a willingness to learn, offering strong mentorship and opportunities to own large-scale systems.

What You'll Do

With the support of your team’s tech lead and manager, you will break down larger projects into individual tasks, deliver them in multiple phases, and collaborate with others to ensure timely delivery of your work.
You will support your peers and stakeholders in the product development lifecycle by collaborating with product management, design & analytics by participating in ideation, articulating technical constraints, and partnering on decisions that properly consider risks and trade-offs.
You will support the operations and availability of your team’s artifacts by creating and monitoring metrics, escalating when needed, and supporting “keep the lights on” & on-call efforts.
You will contribute to a sense of community on your team by engaging in growth and development activities such as participation in the interview process.

What We Look For

You have a total of 1.5+ years of experience as a software engineer.
You have experience designing, developing and launching backend systems and are proficient in one of Python or Kotlin.
You are familiar with the building blocks of distributed systems, and the technologies like AWS, MySQL and Kubernetes.
You have mastered taking a simple problem or business scenario into a solution that interacts with multiple software components, and executing on it by writing clear, easily understood, well tested and extensible code.
You are comfortable navigating a large code base, debugging others' code, and providing feedback to other engineers through code reviews.
Your experience demonstrates that you take ownership of your growth, proactively seeking feedback from your team, your manager, and your stakeholders.
You have strong verbal and written communication skills that support effective collaboration with our global engineering team.
This position requires either equivalent practical experience or a Bachelor’s degree in a related field.

Pay Grade - L

Equity Grade - 6

Employees new to Affirm typically come in at the start of the pay range. Affirm focuses on providing a simple and transparent pay structure which is based on a variety of factors, including location, experience and job-related skills.

Base pay is part of a total compensation package that may include equity rewards, monthly stipends for health, wellness and tech spending, and benefits (including 100% subsidized medical coverage, dental and vision for you and your dependents.)

USA base pay range (CA, WA, NY, NJ, CT) per year: $160,000 - $210,000

USA base pay range (all other U.S. states) per year: $142,000 - $192,000

Affirm is proud to be a remote-first company! The majority of our roles are remote and you can work almost anywhere within the country of employment. Affirmers in proximal roles have the flexibility to work remotely, but will occasionally be required to work out of their assigned Affirm office. A limited number of roles remain office-based due to the nature of their job responsibilities.

Benefits

We’re extremely proud to offer competitive benefits that are anchored to our core value of people come first. Some key highlights of our benefits package include:

Health care coverage - Affirm covers all premiums for all levels of coverage for you and your dependents 
Flexible Spending Wallets - generous stipends for spending on Technology, Food, various Lifestyle needs, and family forming expenses
Time off - competitive vacation and holiday schedules allowing you to take time off to rest and recharge
ESPP - An employee stock purchase plan enabling you to buy shares of Affirm at a discount

We believe It’s On Us to provide an inclusive interview experience for all, including people with disabilities. We are happy to provide reasonable accommodations to candidates in need of individualized support during the hiring process."",Backend,Remote,SDE II
",,,
2025-09-04_CIRCLE_SOFTWAREENGINEERII,2025-09-04,circle,Software Engineer II,,,,"What you’ll be part of:

Circle is committed to visibility and stability in everything we do. As we grow as an organization, we're expanding into some of the world's strongest jurisdictions. Speed and efficiency are motivators for our success and our employees live by our company values: High Integrity, Future Forward, Multistakeholder, Mindful, and Driven by Excellence. We have built a flexible and diverse work environment where new ideas are encouraged and everyone is a stakeholder.

What you’ll be responsible for:

The Software Engineer is responsible for extending Circle's in-house blockchain systems infrastructure to support the tokenization of the world; analyzing requirements, procedures, and problems to improve existing systems and modifying systems; building and owning scalable microservices that are responsible for reliable and secure APIs that transfer value and assets across all blockchain protocols as well as traditional banking protocols; collaborating with Product and Engineering teams to design, test, and shape Circle features, including developing and documenting system design procedures, testing procedures, and quality standards; troubleshooting program and system malfunctions to restore normal functioning; building publicly accessible APIs that make it simple for developers to integrate with complex payment systems; integrating Platform Services with leading banks and financial technologies; consulting with management to ensure agreement on system principles; writing the infrastructure to deliver great payment experiences, including data sources (SQL or NoSQL), messaging systems and APIs; other duties as assigned.

What you'll bring to Circle:

2-4 years minimum professional software development experience in object oriented languages like Java and Go

Computer Science degree or a closely related field (or foreign equivalent).

A broad understanding of API design and REST principles, know how to derive and communicate a good design

Experience with Cloud Services (AWS, Google Cloud, Microsoft Azure, etc)

Experience with SQL databases and designing schemas

Willing and able to learn unfamiliar languages and technologies

Experience in the deployment of production-quality, scalable software

A focus on coding standards and code quality with speed -- a desire to have great test coverage to enable continuous delivery

Excellent communication skills, able to collaborate with remote teams, share ideas and present concepts effectively

Self-starter with a curious mindset, you enjoy moving at a fast pace, shipping software that improves the user experience and constantly improving your work with little supervision

Additional Information:

This position is eligible for day-one PERM sponsorship for qualified candidates.

Circle is on a mission to create an inclusive financial future, with transparency at our core. We consider a wide variety of elements when crafting our compensation ranges and total compensation packages.

Starting pay is determined by various factors, including but not limited to: relevant experience, skill set, qualifications, and other business and organizational needs. Please note that compensation ranges may differ for candidates in other locations.

Base Pay Range:

$120,000 - $162,500"",,Remote,SDE II",,,
2025-09-05_FANATICS_SOFTWAREENGINEERII(JAVA-BACKEND),2025-09-05,fanatics,Software Engineer II (Java-Backend),,,,"Job Description
Overview


At Fanatics Betting & Gaming (FBG), we are building a system to bridge the gap between fans and their passion for sports gambling. Little brings a fan closer to the game than to have skin in the game. Being rewarded for their fanaticism is one of the few things that multiplies the passion and engagement for the sports fan. The promotions platform is where the technology and the entirety of the Fanatics ecosystem converge, enabling meaningful rewards. The technology is driven by leaders from across the cloud and online gambling industries, who understand that the platform needs to remain cutting edge. Simply put, if something feels stale or dated, we are going to reinvent it using the latest tech offerings. We want to bring you along on our journey if you have a passion for technology, as well as an entrepreneurial spirit.

As a Software Engineer II at Fanatics Betting & Gaming (FBG), you’ll contribute to building and maintaining the backend systems that deliver seamless customer experiences. You’ll work alongside experienced engineers to develop scalable services and APIs, deepen your technical skills, and learn best practices for operating in a modern software environment. This is a great opportunity for engineers early in their careers who have professional experience and are excited to grow in a fast-paced, high-growth environment. You bring a solid engineering foundation, curiosity, and a passion for backend development.

 

Responsibilities

Contribute to the design, development, testing, documentation, and deployment of backend services and APIs
Participate in the on-call rotation and assist in investigating and resolving production issues
Collaborate with engineers, product managers, and other stakeholders to deliver backend features and improvements
Take part in code reviews and team discussions to build high-quality, maintainable systems
Participate in sprint planning, architectural reviews, and efforts to improve engineering processes
Build familiarity with our systems, platform architecture, and customer use cases
Stay current with backend technologies, tools, and engineering best practices
Open to occasional travel to FBG offices or industry events for collaboration and team-building.

 
Required Qualifications

3-6 years of professional software engineering experience, with a focus on backend development
Experience developing backend systems using Java (Spring Framework or similar)

 
Understanding of RESTful API design, microservices architecture, and backend fundamentals
Familiarity with working in production environments, including debugging and troubleshooting
Experience with databases (relational or NoSQL) and data modeling basics
Exposure to Agile/SCRUM methodologies and collaborative development teams
Effective communicator with a growth mindset and a willingness to take initiative
Strong analytic and problem-solving abilities and an eagerness to build technical depth
Team-first mentality, with a willingness to do what it takes to get the job done and a desire to strive for better.

 
Preferred Qualifications

Familiarity with CI/CD pipelines, cloud platforms (e.g., AWS, GCP), or DevOps practices
Interest in scaling systems, distributed architectures, and performance optimization
Desire to grow through mentorship, peer collaboration, and hands-on experience
Experience working in fast-paced, high-growth, or startup-like environments where priorities evolve regularly and decisions are made quickly.",,,
2025-09-09_MICROSOFT_SOFTWAREENGINEERII,2025-09-09,microsoft,Software Engineer II,,https://jobs.careers.microsoft.com/us/en/job/1832691/Software-Engineer-II?jobsource=linkedin&mode=apply&iis=LinkedIn,,"Overview
Security represents the most critical priorities for our customers in a world awash in digital threats, regulatory scrutiny, and estate complexity. Microsoft Security aspires to make the world a safer place for all. We want to reshape security and empower every user, customer, and developer with a security cloud that protects them with end to end, simplified solutions. The Microsoft Security organization accelerates Microsoft’s mission and bold ambitions to ensure that our company and industry is securing digital technology platforms, devices, and clouds in our customers’ heterogeneous environments, as well as ensuring the security of our own internal estate. Our culture is centered on embracing a growth mindset, a theme of inspiring excellence, and encouraging teams and leaders to bring their best each day. In doing so, we create life-changing innovations that impact billions of lives around the world.

 

We are looking for a Software Engineer II to join our organization to develop a scalable cloud scale graph platform Microsoft cloud. Azure Resource Graph’s (ARG part of ARM/Azure Control plane) mission is to Reliably organize the planet-scale cloud inventory and making it accessible to every Azure customer through scalable, and performant tools.

ARG is the Inventory of cloud resources, dependencies, services, apps & Azure metadata and is a core service enabling almost all Azure experiences and workloads that are running on top of Azure. Azure Portal, Azure Market Place, Search, Catalog at-scale experiences scenarios for every single Azure customer are powered by ARG. It provides a single pane of glass to query cloud resources via a set of flexible standards with rich scalable, efficient constructs. These standards and toolsets are used by large customers and first party teams alike. ARG’s vision is to enable any customer (large to small) to organize, govern, secure, manage and explore their environments at-scale. Anything we design, develop, or deliver aligns with this vision. As of today, we return close to 6.5+ billion cloud resources per day through these standards to our customers and independent software vendors. This position is one of the core engineering functions and sits right in the center of the platform enabling various other connected engineering functions.

 

Microsoft’s mission is to empower every person and every organization on the planet to achieve more. As employees we come together with a growth mindset, innovate to empower others, and collaborate to realize our shared goals. Each day we build on our values of respect, integrity, and accountability to create a culture of inclusion where everyone can thrive at work and beyond.

In alignment with our Microsoft values, we are committed to cultivating an inclusive work environment for all employees to positively impact our culture every day.

Responsibilities
Drive few critical initiatives to help platform scale to the needs of growing Azure needs.
Responsible for the technical design and execution for building the necessary underlying systems to enable high throughput query-ability or high throughput ingestion-services in the platform with ambitious performance goals.
Deep knowledge in the area of Databases
Responsibilities include the blended intersection of distributed systems, programming language runtime internals, optional database internals to build the necessary infrastructure for Azure Inventory.
Responsibilities extend developing deep business acumen about Azure. 
Crreate clarity for the team and mentor members by creating a sense of purpose on this mission.
Embody our culture and values 

Qualifications
Required/Minimum Qualifications:

Bachelor's Degree in Computer Science or related technical field AND 2+ years  technical engineering experience with coding in languages including, but not limited to, C, C++, C#, Java, JavaScript, or Python 
OR equivalent experience.
3+ years experience building cloud-scale services.
3+ year experience working with object-oriented programming languages like C#, Java, etc.
2+ years experience in running servicex in one of the large-scale clouds like Azure, AWS, GCP.
1+ years of experience in driving designs along with execution and accountability to deliver.
Other Requirements:

Ability to meet Microsoft, customer and/or government security screening requirements are required for this role. These requirements include, but are not limited to the following specialized security screenings: 

Microsoft Cloud Background Check: This position will be required to pass the Microsoft Cloud background check upon hire/transfer and every two years thereafter.
 

Additional or Preferred Qualifications:

Ability to exercise the power of design patterns when it comes to choices or decisions with practical knowledge of applying these patterns.
knowledge ofmaintaining data and results-driven culture while closely working with cross function teams for the same connected mission.
Software Engineering IC3 - The typical base pay range for this role across the U.S. is USD $100,600 - $199,000 per year. There is a different range applicable to specific work locations, within the San Francisco Bay area and New York City metropolitan area, and the base pay range for this role in those locations is USD $131,400 - $215,400 per year.

Certain roles may be eligible for benefits and other compensation. Find additional benefits and pay information here: https://careers.microsoft.com/us/en/us-corporate-pay

Microsoft will accept applications for the role until September 11th, 2025.",,Remote,SDE II
2025-09-10_ORACLE_SOFTWAREENGINEER(JAVABACKEND),2025-09-10,oracle,Software Engineer (Java Backend),,https://eeho.fa.us2.oraclecloud.com/hcmUI/CandidateExperience/en/sites/jobsearch/job/306634?utm_medium=jobboard&utm_source=LinkedIn,,"Job Description
Building off our Cloud momentum, Oracle has formed a new organization - Oracle Health & AI. This team will focus on product development and product strategy for Oracle Health, while building out a complete platform supporting modernized, automated healthcare. This is a net new line of business, constructed with an entrepreneurial spirit that promotes an energetic and creative environment. We are unencumbered and will need your contribution to make it a world class engineering center with the focus on excellence.

We are seeking hands-on Senior Member of Technical Staff Engineers that share our passion and excitement of operating distributed systems at hyper scale using cloud native best practices. You will have part in the disruption of the health care industry and will help deliver better patient care.

As a SMTS engineer in our team, you’ll be responsible and lead efforts in designing and building scalable, distributed, and resilient software components and services to support health care platform, applications, and our end users. We believe in ownership and expect you to think long term, mentor, and empower other engineers. As a tech lead you will own the complete SDLC from architecture, development, testing, first class monitoring, to production.

Responsibilities
Minimum Qualifications 

BS or MS degree in computer science, or equivalent 
5+ years of developing and shipping enterprise distributed and/or cloud native systems
Strong grasp of system design fundamentals and distributed systems architectural best practices
Demonstrated ability to write great code in Java, Python, or similar OO languages
Experience with web application development using microservices frameworks such as Helidon, Dropwizard, Spring, etc.
Experience with containers and container orchestration technologies (Kubernetes, Docker) 
Strong desire to make an impact and thrive in collaborative and energetic environments
Ability to effectively communicate technical concepts verbally and through design aspects 
Qualifications
Disclaimer:

Certain US customer or client-facing roles may be required to comply with applicable requirements, such as immunization and occupational health mandates.

Range and benefit information provided in this posting are specific to the stated locations only

US: Hiring Range in USD from: $79,800 to $178,100 per annum. May be eligible for bonus and equity.

Oracle maintains broad salary ranges for its roles in order to account for variations in knowledge, skills, experience, market conditions and locations, as well as reflect Oracle’s differing products, industries and lines of business.
Candidates are typically placed into the range based on the preceding factors as well as internal peer equity.

Oracle US offers a comprehensive benefits package which includes the following:
1. Medical, dental, and vision insurance, including expert medical opinion
2. Short term disability and long term disability
3. Life insurance and AD&D
4. Supplemental life insurance (Employee/Spouse/Child)
5. Health care and dependent care Flexible Spending Accounts
6. Pre-tax commuter and parking benefits
7. 401(k) Savings and Investment Plan with company match
8. Paid time off: Flexible Vacation is provided to all eligible employees assigned to a salaried (non-overtime eligible) position. Accrued Vacation is provided to all other employees eligible for vacation benefits. For employees working at least 35 hours per week, the vacation accrual rate is 13 days annually for the first three years of employment and 18 days annually for subsequent years of employment. Vacation accrual is prorated for employees working between 20 and 34 hours per week. Employees working fewer than 20 hours per week are not eligible for vacation.
9. 11 paid holidays
10. Paid sick leave: 72 hours of paid sick leave upon date of hire. Refreshes each calendar year. Unused balance will carry over each year up to a maximum cap of 112 hours.
11. Paid parental leave
12. Adoption assistance
13. Employee Stock Purchase Plan
14. Financial planning and group legal
15. Voluntary benefits including auto, homeowner and pet insurance

The role will generally accept applications for at least three calendar days from the posting date or as long as the job remains posted.
Career Level - IC3


Required Skills
Cloud Application Development
Java Development
Microservices
About Us
As a world leader in cloud solutions, Oracle uses tomorrow’s technology to tackle today’s challenges. We’ve partnered with industry-leaders in almost every sector—and continue to thrive after 40+ years of change by operating with integrity. 

We know that true innovation starts when everyone is empowered to contribute. That’s why we’re committed to growing an inclusive workforce that promotes opportunities for all.

Oracle careers open the door to global opportunities where work-life balance flourishes. We offer competitive benefits based on parity and consistency and support our people with flexible medical, life insurance, and retirement options. We also encourage employees to give back to their communities through our volunteer programs.

We’re committed to including people with disabilities at all stages of the employment process. If you require accessibility assistance or accommodation for a disability at any point, let us know by emailing accommodation-request_mb@oracle.com or by calling +1 888 404 2494 in the United States.

Oracle is an Equal Employment Opportunity Employer. All qualified applicants will receive consideration for employment without regard to race, color, religion, sex, national origin, sexual orientation, gender identity, disability and protected veterans’ status, or any other characteristic protected by law. Oracle will consider for employment qualified applicants with arrest and conviction records pursuant to applicable law. ",Backend,Remote,
"2025-09-10_AFFIRM_SOFTWAREENGINEERII,BACKEND(VIRTUALCARDS)",2025-09-10,affirm,"Software Engineer II, Backend (Virtual Cards)",,https://job-boards.greenhouse.io/affirm/jobs/6675282003?gh_src=689c81d53us,,"About the job
Affirm is reinventing credit to make it more honest and friendly, giving consumers the flexibility to buy now and pay later without any hidden fees or compounding interest.

The Virtual Cards (VCN) Platform Engineering team powers all of Affirm's products that depend on one-time-use cards. Virtual cards enable consumers to leverage Affirm’s financial products at effectively any merchant that accepts card payments, supporting online ecommerce, physical instore, and digital wallet integrations such as Apple Pay and Google Pay. By providing the systems that bridge Affirm and external credit networks like Visa, the VCN Platform team is critical in enabling increased scale of Affirm’s network.

What You’ll Do

Participate in the design, development, and deployment of software systems and applications.
Collaborate with cross-functional teams to define software requirements and architecture.
Write clean, maintainable, and efficient code in programming languages such as Java, Python, C++, or others as required.
Optimize and refactor existing code to enhance performance and scalability.
Review code, provide feedback, and ensure adherence to best coding practices.
Analyze and troubleshoot complex technical issues.
Develop innovative solutions to meet business needs, focusing on robustness, security, and performance.
Implement and manage software testing and quality assurance processes.
Work closely with tech leads and cross-functional partners in product managers, designers, and analytics to deliver high-quality products.
Participate in Agile development practices, including sprint planning, daily stand-ups, and retrospectives.
Participate in on-call duties to support our application with the goal of reducing mean time to detection and mean time to resolution of incidents.

What We Look For

1.5+ years of experience in software development or engineering.
Builds trust and confidence with peers.
Strong communication and collaboration skills.
Proficiency in modern programming languages such as Java, Python, C#, or similar.
Experience with cloud platforms (AWS, Azure, Google Cloud) and containerization (Docker, Kubernetes).
Knowledge of database systems (SQL, NoSQL), web frameworks, and RESTful API development.
Strong understanding of software development methodologies (Agile, Scrum, DevOps).
Excellent problem-solving and analytical skills.
This position requires either equivalent practical experience or a Bachelor’s degree in a related field.

Preferred Skills

Experience with Checkout or checkout related products and UX
Background in fintech and financial services

Base Pay Grade - L

Equity Grade - 6

Employees new to Affirm typically come in at the start of the pay range. Affirm focuses on providing a simple and transparent pay structure which is based on a variety of factors, including location, experience and job-related skills.

Base pay is part of a total compensation package that may include equity rewards, monthly stipends for health, wellness and tech spending, and benefits (including 100% subsidized medical coverage, dental and vision for you and your dependents.)

USA base pay range (CA, WA, NY, NJ, CT) per year: $160,000 - $210,000

USA base pay range (all other U.S. states) per year: $142,000 - $192,000

Affirm is proud to be a remote-first company! The majority of our roles are remote and you can work almost anywhere within the country of employment. Affirmers in proximal roles have the flexibility to work remotely, but will occasionally be required to work out of their assigned Affirm office. A limited number of roles remain office-based due to the nature of their job responsibilities.

Benefits

We’re extremely proud to offer competitive benefits that are anchored to our core value of people come first. Some key highlights of our benefits package include:

Health care coverage - Affirm covers all premiums for all levels of coverage for you and your dependents 
Flexible Spending Wallets - generous stipends for spending on Technology, Food, various Lifestyle needs, and family forming expenses
Time off - competitive vacation and holiday schedules allowing you to take time off to rest and recharge
ESPP - An employee stock purchase plan enabling you to buy shares of Affirm at a discount

We believe It’s On Us to provide an inclusive interview experience for all, including people with disabilities. We are happy to provide reasonable accommodations to candidates in need of individualized support during the hiring process.

[For U.S. positions that could be performed in Los Angeles or San Francisco] Pursuant to the San Francisco Fair Chance Ordinance and Los Angeles Fair Chance Initiative for Hiring Ordinance, Affirm will consider for employment qualified applicants with arrest and conviction records.",Backend,Remote,SDE II
2025-09-10_INDUCTIVEAUTOMATION_SENIORSOFTWAREENGINEERI(JAVA),2025-09-10,Inductive Automation,Senior Software Engineer I (Java) ,,https://jobs.lever.co/inductiveautomation/9d64fcae-d46e-4b22-b071-275d9e4becd6/apply,,"Job Description

The Senior Software Engineer I is responsible for creating and maintaining software that is sold or utilized internally by Inductive Automation, LLC. They participate in all phases of product development, including design, specification, implementation, testing, building, deployment, documentation, support, and maintenance. This role may be required to interact with customers to troubleshoot products or obtain requirements. This is a full-time position with remote, hybrid and on-site opportunities available.


About the Role

The Senior Software Engineer I’s job skills, qualifications, and responsibilities, include but are not limited to:



Responsibilities:

Independently responsible for the entire lifecycle of projects or features including engineering design, development, and deployment
Java software development on Inductive Automation’s software product(s)
Improving code structure and architecture in service of testability and maintainability
Writing, co-writing, and reviewing design documentation
Maintaining high proficiency in one or more technical areas
Prioritizing and valuing unowned or undesirable work that enables the team to move faster
Ensuring work meets quality standard
Working with their team and adjacent teams to solve problems
Escalating problems that have wider scope
Assisting and teaching other engineers on an individual basis
Completing thoughtful and constructive code reviews in a timely manner
Meeting and maintaining 6 month performance milestones provided by their manager
Responsible for one or more product areas or other IC leadership role (Product Lead, Scrum Master)


Requirements:

3-5 years of software engineering or software development experience
2-4+ years experience utilizing high level programming languages such as Java, Kotlin, C++, C# etc.
Solid understanding of concurrent programming (Java is a plus)
A comprehensive understanding of computer science concepts and ability to apply expertise in object-oriented design, multi-threaded architecture, data structures, algorithms
Experience using relevant tool suites. (IntelliJ or equivalent, Git, Webpack)
Creative problem-solving skills
Passionate about building applications that delight users
Strong written and verbal communication and interpersonal skills
Experience working on a team using agile methodologies
Proven ability to be proactive and take initiative
Preferred experience with the following tools/libraries: 

Strong experience with Java JDK 17+
Experience with architecting large, complex features
Solid understanding of SQL, time series databases, columnar databases, and distributed storage, as well as experience storing data at scale
Experience with message queue architectures such as Kafka
Nice to have:

Experience with TDD
Experience working as a Team Lead or other Leadership experience
Ability to apply expertise in cybersecurity
Experience working in the Industrial Automation industry or experience with SCADA",Other,Remote,Senior (SDE III+)
"2025-09-10_GITHUB_SOFTWAREENGINEERIII,RUNTIMEPLATFORM",2025-09-10,GitHub,"Software Engineer III, Runtime Platform",,https://githubinc.jibeapply.com/jobs/4409?lang=en-us&iis=Job+Board&iisn=LinkedIn&lever-source=LinkedinPosting,,"About the job
About GitHub

As the global home for all developers, GitHub is the complete AI-powered developer platform to build, scale, and deliver secure software. Over 150+ million developers, including more than 90% of the Fortune 100 companies, use GitHub to collaborate and experiment across 420+ million repositories. With all the collaborative features of GitHub, it has never been easier for individuals and teams to write faster, better code.

Locations

In this role you can work from Remote, United States

Overview

GitHub is changing the way the world builds software, and we want you to help. At GitHub, we constantly strive to create an environment that allows our employees to do the best work of their lives. GitHub is looking for a talented Software Engineer III to join our Platform Team in the Development Experience department.

Our team is working on multiple products all aimed to enable GitHub’s engineers to deliver value in a faster and secure way. We work on the entire delivery stack from chatops infra to PR linting and up to the actual deployments of Github’s services both to kubernetes and virtual machine environments.

On this team, you’ll collaborate across functions and across teams to deliver the best possible developer experience for all engineers here at GitHub. In this role, you will be having the opportunity to work as an engineer with a globally distributed, diverse and passionate team where you will be expected to demonstrate independence and a drive to deliver. You will design, implement, rollout and support a highly performant, highly scalable and highly available host of services alongside a team of fellow software engineering professionals. This team and its parent Development Experience department are highly distributed across the globe and span a variety of diverse backgrounds. We recognize the value this diversity brings to our teams and our products, so creating and maintaining an environment where every individual feels safe to bring their unique perspective to the challenges we're solving is important to us.

Responsibilities

Demonstrate a strong commitment to high quality software development practices
Actively design, develop, document and maintain our deployment infrastructure services with a product mindset
Provide compassionate technical mentorship, pairing opportunities, and code reviews to encourage professional and technical growth of those around you
Build tools and systems that empathetically and pragmatically meet real operability needs of GitHub developers
Develop and maintain scalable infrastructure
Use data to understand the availability, reliability, and sustainability of our infrastructure
Work closely with other teams from around the organization
Own and advocate for the health and quality of the systems that the team builds, including participating in on-call rotations and responding to incidents as necessary

Qualifications

Required Qualifications:

4+ years experience in Software Engineering, Computer Science, or related technical discipline with proven experience maintaining and delivering production software languages including, but not limited to, C, C++, C#, JavaScript, Go, Ruby, Rust, or Python
OR Associate’s Degree in Computer Science, Electrical Engineering, Electronics Engineering, Math, Physics, Computer Engineering, Computer Science, or related field AND 3+ years experience 
OR Bachelor's Degree in Computer Science, Electrical Engineering, Electronics Engineering, Math, Physics, Computer Engineering, Computer Science, or related field AND 2+ years experience in Computer Science, or related technical discipline with proven experience coding in languages including, but not limited to, C, C++, C#, JavaScript, Go, Ruby, Rust, or Python 
OR Master's Degree in Computer Science, Electrical Engineering, Electronics Engineering, Math, Physics, Computer Engineering, Computer Science, or related field 
OR equivalent experience
2+ years experience with running, operating, and maintaining production systems
2+ years experience designing, building and running large scale and highly available cloud services or distributed systems 

Preferred Qualifications:

Solid understanding of testing principles and high quality software
Experience with Kubernetes or other container orchestration systems
Experience building infrastructure automation
Experience working with the Linux operating system 
Experience running, monitoring and troubleshooting issues in a production always-on service 
Excellent analytical skills and communication skills. Fluent in English both verbal and written. We are a global cross-countries team so we’re extra mindful about communication.

Compensation Range

The base salary range for this job is USD $97,900.00 - USD $259,900.00 /Yr.

These pay ranges are intended to cover roles based across the United States. An individual's base pay depends on various factors including geographical location and review of experience, knowledge, skills, abilities of the applicant. At GitHub certain roles are eligible for benefits and additional rewards, including annual bonus and stock. These rewards are allocated based on individual impact in role. In addition, certain roles also have the opportunity to earn sales incentives based on revenue or utilization, depending on the terms of the plan and the employee's role.",Other,Remote,Senior (SDE III+)
2025-09-22_GREENFIELDAIPROJECT_BACKENDSOFTWAREENGINEER(JAVA),2025-09-22,Greenfield AI Project,Backend Software Engineer (Java),Irvine,indeed.com/?from=gnav-jobseeker-profile--profile-one-frontend&vjk=3c9c9b0f27153f98,,"JOB DESCRIPTION:

Get in on the ground floor of a transformational software design team. We are trailblazing a new set of software design processes and suite of applications for a company with the largest market share in its space. These applications will redefine not only how our company does business, but may fundamentally change how the company is valuated!



Responsibilities

Productive member of a diverse engineering team – systems thinking, SOLID expert, coding standards, testing, etc.
Take complete end-to-end technical & engineering ownership of one or more applications
Be at the forefront of translating complex functional and technical requirements into detailed architecture and design
Define solutions in terms of components, modules and algorithms
Development and Implementation of the proposed solution.
Refactor existing solutions to make it reusable and scalable.
Leads and/or supports both product and technical discussions about how to apply existing and/or new technology in support of the business.
Create design documents, code, unit/functional test as well as enhancements, modifications, and corrections to existing code.
Present and defend design choices.
Identify opportunities for further enhancements and refinements to standards, processes and systems.
Creative thinking! Codes for tomorrow and not today…
Required Qualifications:

Java-based work experience with a BS in Computer Science, Information Systems, or Data Science
Strong Agile team experience.
Strong design and coding skills with Java/J2EE, Spring, NodeJS/Typescript, and/or Python technologies.
Strong knowledge and working experience in Git and Jira
Working experience with REST/API web services.
Experience in applying modern Agile Software Development practices is required.
Experience with database technologies like PostgreSQL, MySQL, and SQL Server.
Experience in working in a Microservices architecture environment.
Experience writing tests (Unit, Integration, Load, End-to-End) using common testing Java/JavaScript testing frameworks.
Experience working with dependency frameworks such as Maven, NPM, etc.
Experience with AWS Services – S3, EC2, Cognito, SMS/SQS, CloudWatch, etc.
Strong problem-solving skills and ability to resolve critical issues for complex systems under tight timeframes.
Excellent written and verbal communication skills.
Excellent planning and organizational skills.
Must be able to write technical design and build documentation for all aspects of a technical infrastructure.
Good interpersonal and facilitation skills .
Preferred Qualifications

Working knowledge in React, and orother UI frameworks.
Working knowledge of container technologies – Docker, Kubernetes
Experience with one or more streaming/messaging technologies (i.e. Kafka, RabbitMQ, SQS, SNS)
Experience with NoSQL database technologies, such as Redis, ElastiCache, MongoDB",Backend,Hybrid,SDE II
2025-09-23_FIRSTAMERICAN_SENIORSOFTWAREENGINEER,2025-09-23,First American,Senior Software Engineer,remote,https://firstam.wd1.myworkdayjobs.com/firstamericancareers/job/Senior-Software-Engineer--CA---Remote-_R051953,,"Who We Are
Join a team that puts its People First! As a member of the First American family of companies, First American Trust is a federal savings bank that has provided banking, wealth management, and trust solutions on a national, full-service basis for more than five decades. Since 1889, First American (NYSE: FAF) has held an unwavering belief in its people. They are passionate about what they do, and we are equally passionate about fostering an environment where all feel welcome, supported, and empowered to be innovative and reach their full potential. Our inclusive, people-first culture has earned our company numerous accolades, including being named to the Fortune 100 Best Companies to Work For® list for ten consecutive years. We have also earned awards as a best place to work for women, diversity and LGBTQ+ employees, and have been included on more than 50 regional best places to work lists. First American will always strive to be a great place to work, for all. For more information, please visit www.careers.firstam.com.
What We Do
As a Senior Software Engineer, you will be responsible for hands on coding as well as supporting and contributing to the architecture, design of cloud-native applications & mentoring junior software engineers.  We're interested in talking to you if you're passionate about new opportunities and you have a demonstrated track record of success in delivering new features and products.   You love coding and find yourself keeping up with the latest technology trends. You tinker, explore and regularly read to stay in touch with the development community and are passionate about discovering ways to improve quality, reusability, extensibility, and consistency. You are multi-faceted with a great mix of technical and interpersonal skills, which enables you to succeed in highly collaborative and agile work environments.
What You'll Do:

Contribute to design, development, coding, testing, debugging, and deploying of software in an Azure cloud environment
Modify and enhance existing applications as well as assist the team on product delivery by writing code and reviewing pull requests
Independently define, prioritize goals and tasks in a fast-paced agile product environment with small, focused teams
Communicate effectively with a variety of stakeholders to ensure project success
On call by rotation and after-hours support driven by business needs
Derive optimal solutions and implement best coding practices
Work with Solution Architect and strategize design plans
Propose solutions to tough problems, build consensus among team & mentor junior developers
What You'll Bring: 

5+ years of experience in cloud-native applications (Azure strongly preferred, AWS is also ok) using Python
Bachelor’s degree in computer science or equivalent combination of education and experience
Thorough understanding of Object-Oriented Programming (OOP) design and practices
Strong RDBMS experience (PostgreSQL, MS SQL etc.)  designing tables & writing queries
SQL experience is a strong plus
Proven ability to identify, explain, and implement common design patterns
Demonstrated experience and design of systems or pipelines from scratch
Ability to assess and clearly articulate design trade-offs, scalability options, and performance implications
Conduct code reviews to ensure best coding practices are utilized
Strong knowledge of professional software engineering best practices for the full software development life cycle, including coding standards, code reviews, source control management, build processes, testing, CI/CD, and DevOps
Fluency with multi-platform software utilizing various programming environments and tools
Excellent communication and written skills
Eager to learn new languages and technologies
Knowledge of Python, Ruby, Azure, React, JavaScript/TypeScript, REST API, Relational Databases (PostgreSQL, MySQL etc.), NoSQL Databases (MongoDB etc.) preferred
Experience with Docker, Linux, Windows, Azure, GIT, NPM Package Management preferred
Salary Range: $126,100.00 - $168,100.00 annually

This hiring range is a reasonable estimate of the base pay range for this position at the time of posting.  Pay is based on a number of factors which may include job-related knowledge, skills, experience, business requirements and geographic location

What We Offer
By choice, we don’t simply accept individuality – we embrace it, we support it, and we thrive on it!  Our People First Culture celebrates diversity, equity and inclusion not simply because it’s the right thing to do, but also because it’s the key to our success. We are proud to foster an authentic and inclusive workplace For All. You are free and encouraged to bring your entire, unique self to work. First American is an equal opportunity employer in every sense of the term.
** Note that the following statements only apply to candidates who will be working from an unincorporated area within Los Angeles County. **

First American will consider for employment all qualified applicants, including those with arrest or conviction records, in a manner consistent with the requirements of applicable state and local laws (e.g., the Los Angeles County Fair Chance Ordinance for Employers and the California Fair Chance Act).

First American intends to conduct a review of an applicant’s criminal history in connection with a conditional offer. First American reasonably believes that a criminal history may have a direct, adverse and negative relationship with the following material job duties for this position potentially resulting in the withdrawal of the conditional offer of employment: handling of confidential, proprietary or trade secret information belonging to First American or its customers, administrating or facilitating financial transactions, and the ability to meet customer-imposed criminal history requirements.

Based on eligibility, First American offers a comprehensive benefits package including medical, dental, vision, 401k, PTO/paid sick leave and other great benefits like an employee stock purchase plan.",,Remote,Senior (SDE III+)
